,triplets,coding_mut,noncoding_mut
0,AAA,1.4080152006356818e-05,1.138046272048466e-05
1,AAT,3.233451799960017e-05,2.2991919066508723e-05
2,AAG,8.083169276527114e-06,1.4326385860950726e-05
3,AAC,1.1504511062594032e-05,1.6667221568111126e-05
4,ATA,4.7624079329810147e-05,2.936812824460367e-05
5,ATT,2.3891244363685308e-05,2.2531842227150836e-05
6,ATG,2.1853573910362944e-05,3.256436984396096e-05
7,ATC,1.054730863446632e-05,2.2246198174774503e-05
8,AGA,1.3714216535183585e-05,2.4311792321662156e-05
9,AGT,2.1409903752217612e-05,3.133517224795514e-05
10,AGG,1.8056838316764583e-05,2.6087350942997067e-05
11,AGC,1.5556408277194453e-05,2.7038668776575197e-05
12,ACA,2.1722560319893737e-05,3.310576725451544e-05
13,ACT,2.271151945964281e-05,2.938677283979268e-05
14,ACG,0.00010478915213484867,0.0003012205053903067
15,ACC,2.1264871541684696e-05,4.0873899142298634e-05
16,TAA,2.2794922563527592e-05,1.563225836192845e-05
17,TAT,2.70406491883594e-05,3.027964957981096e-05
18,TAG,1.532569286727658e-05,1.5225880414143947e-05
19,TAC,1.3526879754646996e-05,2.0211432511438458e-05
20,TTA,2.156428312800458e-05,1.6066581346549738e-05
21,TTT,1.8587231036958384e-05,1.2319583264345493e-05
22,TTG,1.0597339655627673e-05,1.4173372547159566e-05
23,TTC,7.5911584259581185e-06,1.1228709612519032e-05
24,TGA,1.22331544530458e-05,2.052898621744463e-05
25,TGT,2.330023464395388e-05,3.271339308461018e-05
26,TGG,1.1287679079028589e-05,2.1296520047852005e-05
27,TGC,1.4833162438588618e-05,2.4035119632646538e-05
28,TCA,1.3780134085010939e-05,1.9933036055698737e-05
29,TCT,2.2483708576546526e-05,2.3264378819750772e-05
30,TCG,8.055190704975645e-05,0.00019403666210305763
31,TCC,1.9222779343026566e-05,2.676117136773951e-05
32,GAA,6.602870521772373e-06,1.0596565567021184e-05
33,GAT,9.155814483222247e-06,2.0257527856453723e-05
34,GAG,7.173897670840395e-06,1.2713896100493288e-05
35,GAC,7.1948417096280086e-06,1.404908751176611e-05
36,GTA,2.0406644403417753e-05,1.985713388965499e-05
37,GTT,1.552949234498195e-05,1.7064934062254536e-05
38,GTG,1.0747666933749845e-05,1.6021475316301524e-05
39,GTC,8.796281635826904e-06,1.722068433798116e-05
40,GGA,1.2291054128327454e-05,2.531500453968068e-05
41,GGT,2.8432778403146652e-05,4.171189789190148e-05
42,GGG,1.8996100639934072e-05,2.9715734823319898e-05
43,GGC,1.4376541048770694e-05,3.4189483965435314e-05
44,GCA,1.3618693100687538e-05,2.8425455710480436e-05
45,GCT,1.5180614437420789e-05,2.7717175218424086e-05
46,GCG,7.83976280467042e-05,0.0002392275146540925
47,GCC,1.0697680595292725e-05,3.6261896956124646e-05
48,CAA,8.187936230673059e-06,1.4886117210284135e-05
49,CAT,2.7758850639648737e-05,3.501957515407792e-05
50,CAG,9.917886691269365e-06,1.679968456985693e-05
51,CAC,1.0941199201990832e-05,1.697725427031514e-05
52,CTA,1.098097436381725e-05,1.7363208869013234e-05
53,CTT,1.6304145685693776e-05,1.4271908521332928e-05
54,CTG,1.0673685082752659e-05,1.798402980490435e-05
55,CTC,9.856200228926677e-06,1.3600017514168896e-05
56,CGA,6.429585684037082e-05,0.00021610295691669071
57,CGT,0.00013489853500190987,0.0002999798959988662
58,CGG,8.654668919752421e-05,0.00023123517000582405
59,CGC,7.446738258390578e-05,0.0002566070635427859
60,CCA,1.1181217887420692e-05,2.1932249736040742e-05
61,CCT,1.5062317649575538e-05,2.7457826716572097e-05
62,CCG,6.947420061975645e-05,0.00024659152926803624
63,CCC,1.7517987488389624e-05,3.0388049462257523e-05
